<?xml version="1.0" encoding="UTF-8" standalone="yes"?>
<addon id="plugin.video.supermiltonshowtv" name="[COLOR yellow][B]Super Milton Show TV[/B][/COLOR]" version="1.0.2" provider-name="Milton Guedes">
  <requires>
    <import addon="xbmc.python" version="2.1.0"/>
		<import addon="script.module.urlresolver" version="2.10.0"/>
  </requires>
	
  <extension point="xbmc.python.pluginsource" library="addon.py">
    <provides>video</provides>
  </extension>
	
  <extension point="xbmc.addon.metadata">
    <language>en</language>
    <platform>all</platform>
    <summary lang="en">Variedades Videos da TV</summary>
       <description lang="en">Variedades Videos da TV como novelas, series, programas de variedades, programas jornalísticos e esportivos brasileiros.
Este ADDON é feito a busca pelo site do "http://NOVELASGRAVADAS.NET", sendo assim TODOS OS VIDEOS deles sao de origem DESSE site e não sao de nenhum destinado ao ADDON BRASIL como eles se designam ser proprietario dos videos.
Os videos são retirados da internet e livres para serem compartilhados a TODOS.</description>
    <platform>all</platform>
  </extension>
</addon>
