<?xml version="1.0" encoding="UTF-8" standalone="yes"?>
<addon id="plugin.video.OmeleteTv" name="Omelete TV" version="1.0.0" provider-name="Marcio">
  <requires>
    <import addon="xbmc.python" version="2.1.0"/>
    <import addon="script.module.addon.common" version="2.0.0"/>
    <import addon="plugin.video.youtube" version="5.0.0"/>
  </requires>
	
  <extension point="xbmc.python.pluginsource" library="default.py">
    <provides>video</provides>
  </extension>
	
  <extension point="xbmc.addon.metadata">
    <summary lang="en"></summary>
    <description lang="en"> O canal de vídeo do http://omelete.com.br, o maior site de cultura pop do Brasil, referência desde 2000! Cinema, Quadrinhos, Games, Música, Séries de TV e Literatura  libere o seu lado nerd</description>
    <platform>all</platform>
    <forum></forum>
    <website></website>
  </extension>
</addon>
