<?xml version="1.0" encoding="UTF-8" standalone="yes"?>
<addon id="plugin.video.supermiltonshowtv" name="[COLOR yellow][B]Super Milton Show TV[/B][/COLOR]" version="1.0.0" provider-name="Milton Guedes">
  <requires>
    <import addon="xbmc.python" version="2.1.0"/>
		<import addon="script.module.urlresolver" version="2.10.0"/>
  </requires>
	
  <extension point="xbmc.python.pluginsource" library="addon.py">
    <provides>video</provides>
  </extension>
	
  <extension point="xbmc.addon.metadata">
    <language>en</language>
    <platform>all</platform>
    <summary lang="en">Variedades Videos da TV</summary>
    <description lang="en">Variedades Videos da TV como novelas, series, programas de variedades, programas jornalísticos e esportivos brasileiros.</description>
    <platform>all</platform>
  </extension>
</addon>
