﻿<?xml version="1.0" encoding="UTF-8" standalone="yes"?>
<addon id="supermilton.repository" name="Super Milton Add-on Repository" version="0.0.1" provider-name="Milton Guedes">
	<extension point="xbmc.addon.repository" name="Super Milton Add-on Repository">
		<info compressed="false">http://raw.github.com/listamilton/supermilton.repository/master/addons.xml</info>
		<checksum>http://raw.github.com/listamilton/supermilton.repository/master/addons.xml.md5</checksum>
		<datadir zip="true">http://raw.github.com/listamilton/supermilton.repository/master/repo/</datadir>
	</extension>
	<extension point="xbmc.addon.metadata">
		<summary>Super Milton Add-on Repository</summary>
		<description>Repositorio de Addons do Milton Guedes</description>
		<disclaimer></disclaimer>
		<platform>all</platform>
	</extension>
</addon>