<?xml version="1.0" encoding="UTF-8" standalone="yes"?>
<addon id="plugin.video.supermiltonflix"
       name="[COLOR orangered][B]Super Milton Flix[/B][/COLOR]"
       version="1.0.0"
       provider-name="Milton Guedes">
    <requires>
        <import addon="xbmc.python" version="2.1.0"/>
        <import addon="script.module.requests" version="2.8.1"/>
        <import addon="script.skin.helper.service" version="1.0.0"/>
    </requires>
    <extension point="xbmc.python.pluginsource" library="addon.py">
        <provides>video</provides>
    </extension>
    <extension point="xbmc.addon.metadata">
        <summary lang="en">Videos pelo Netflix no Kodi</summary>
        
        <description lang="en">Videos pelo Netflix no Kodi</description>
        
        <disclaimer lang="en">Videos pelo Netflix no Kodi</disclaimer>
        <language>en</language>
        <platform>all</platform>
        <license>GNU GENERAL PUBLIC LICENSE. Version 2, June 1991</license>
        <forum></forum>
        <website></website>
        <email/>
        <source/>
    </extension>
</addon>
