<?xml version="1.0" encoding="UTF-8" standalone="yes"?>
<addon id="script.chatsupermilton"
       name="[COLOR green][B]Chat Super Milton[/B][/COLOR]"
       version="1.0.0"
       provider-name="Milton Guedes">
  <requires>
    <import addon="xbmc.python" version="2.1.0"/>
  </requires>
  <extension point="xbmc.python.script" library="default.py">
    <provides>executable</provides>
  </extension>
  <extension point="xbmc.addon.metadata">
    <platform>all</platform>
    <summary>Chat em modo IRC Client no Kodi</summary>
    <description>Este Addon é baseado no IRC client do Kodi.Me segue no Twitter - https://twitter.com/listamilton</description>
    <language></language>
    <license>GNU GENERAL PUBLIC LICENSE. Version 2, June 1991</license>
    </extension>
</addon>
