<?xml version="1.0" encoding="UTF-8" standalone="yes"?>
<addon id="plugin.video.aniflixhd.net" name="[COLOR red]ANIFlIX[/COLOR][B][COLOR white]HD[/B][/COLOR][COLOR red].NET[/COLOR]" version="1.0.0" provider-name="Nirjan">
  <requires>
    <import addon="xbmc.python" version="2.1.0"/>
	<import addon="script.module.urlresolver"/>
	<import addon="script.module.beautifulsoup4"/>
  </requires>
  <extension point="xbmc.python.pluginsource" library="addon.py">
    <provides>video</provides>
  </extension>
  <extension point="xbmc.addon.metadata">
    <language>en</language>
    <platform>all</platform>
    <summary lang="en">Animes HD</summary>
	<description lang="en">Assistir os animes direto no kodi</description>
    <platform>all</platform>
  </extension>
</addon>
