<?xml version="1.0" encoding="UTF-8" standalone="yes"?>
<addon id="plugin.video.redecanais" name="[B][COLOR blue]Rede[COLOR white] Canais[/B][/COLOR]" version="0.01" provider-name="Nirjan">
  <requires>
    <import addon="xbmc.python" version="2.1.0"/>
	<import addon="script.module.urlresolver"/>
	<import addon="script.module.beautifulsoup4"/>
  </requires>
  <extension point="xbmc.python.pluginsource" library="addon.py">
    <provides>video</provides>
  </extension>
  <extension point="xbmc.addon.metadata">
    <language>en</language>
    <platform>all</platform>
    <summary lang="en">Assista os filmes do site redecanais direto no kodi</summary>
	<description lang="en">Assista os filmes do site Rede Canais direto no kodi  - Crédito: RedeCanais</description>
    <platform>all</platform>
  </extension>
</addon>
