<?xml version="1.0" encoding="UTF-8" standalone="yes"?>
<addon id="plugin.video.dragonballtv" name="Dragon Ball TV" version="1.0.0" provider-name="House Geek">
  <requires>
    <import addon="xbmc.python" version="2.1.0"/>
	 <import addon="plugin.video.playlistLoader"/>
  </requires>
  <extension point="xbmc.python.pluginsource" library="default.py">
        <provides>video</provides>
  </extension>
  <extension point="xbmc.addon.metadata">
    <summary lang="en">Addon do Dragon Ball </summary>
    <description lang="en">Este addon tem series do dragonball</description>
    <platform>all</platform>
  </extension>
</addon>
