<?xml version="1.0" encoding="UTF-8" standalone="yes"?>
<addon id="plugin.video.portadosfundos" name="Porta dos Fundos" version="2.0.0" provider-name="AddonBrasil">
  <requires>
    <import addon="xbmc.python" version="2.1.0"/>
    <import addon="script.module.addon.common" version="2.0.0"/>
    <import addon="plugin.video.youtube" version="5.1.7"/>
  </requires>
  <extension point="xbmc.python.pluginsource" library="default.py">
    <provides>video</provides>
  </extension>
  <extension point="xbmc.addon.metadata">
    <summary lang="en">Porta dos Fundos</summary>
    <description lang="en">Esse é o canal Porta dos Fundos. Lançamos vídeos originais, inéditos e exclusivos sempre às segundas, quintas e sábados às 11h. :-)</description>
    <platform>all</platform>
  </extension>
</addon>
