<?xml version="1.0" encoding="UTF-8" standalone="yes"?>
<addon id="plugin.video.AresFootBall"
	   name="[COLOR blue]A[/COLOR][COLOR white]res FootBall[/COLOR]"
	   version="1.0.2.160704"
	   provider-name="2uk3y-Kodim-Ares-Streams">
  <requires>
    <import addon="script.module.requests" version="1.0.0" />
  </requires>
  <extension point="xbmc.python.pluginsource"
			 library="aresfootball.py">
    	<provides>video</provides>
  </extension>
  <extension point="xbmc.addon.metadata">
    <summary>Full Matches and Shows</summary>
    <description>Full Matches and Shows Brings you the Latest Soccer Shows and Full Match Highlights Videos from top european soccer leagues</description>
    <platform>all</platform>
  </extension>
</addon>
