<?xml version="1.0" encoding="UTF-8" standalone="yes"?>
<addon id="plugin.video.desenhosecia" name="[B]Desenhos e Cia[/B]" version="0.0.1" provider-name="Nirjan">
  <requires>
    <import addon="xbmc.python" version="2.1.0"/>
	<import addon="script.module.urlresolver"/>
	<import addon="script.module.beautifulsoup4"/>
  </requires>
  <extension point="xbmc.python.pluginsource" library="default.py">
    <provides>video</provides>
  </extension>
  <extension point="xbmc.addon.metadata">
    <summary lang="en">Watch Internet Videos Online</summary>
    <description lang="en">Assista Videos Online do site desenhosecia da Internet</description>
	<disclaimer lang="en">O autor não hospeda ou distribui qualquer conteúdo exibido por este addon</disclaimer>
    <platform>all</platform>
  </extension>
</addon>
